{
	"Version": 3,
	"Meta": {
		"Duration": 2.033,
		"Fps": 30.0,
		"Loop": true,
		"AreBeziersRestricted": true,
		"CurveCount": 11,
		"TotalSegmentCount": 52,
		"TotalPointCount": 135,
		"UserDataCount": 0,
		"TotalUserDataSize": 0
	},
	"Curves": [
		{
			"Target": "Model",
			"Id": "EyeBlink",
			"Segments": [
				0,
				1,
				0,
				0.033,
				1,
				1,
				0.144,
				1,
				0.256,
				0.8,
				0.367,
				0.8,
				1,
				0.822,
				0.8,
				1.278,
				0.8,
				1.733,
				0.8,
				1,
				1.822,
				0.8,
				1.911,
				1,
				2,
				1,
				0,
				2.033,
				1
			]
		},
		{
			"Target": "Parameter",
			"Id": "ParamEyeLOpen",
			"Segments": [
				0,
				1,
				1,
				0.289,
				1,
				0.578,
				1,
				0.867,
				1,
				1,
				0.922,
				1,
				0.978,
				1,
				1.033,
				1,
				1,
				1.078,
				1,
				1.122,
				0,
				1.167,
				0,
				1,
				1.256,
				0,
				1.344,
				1,
				1.433,
				1,
				0,
				2.033,
				1
			]
		},
		{
			"Target": "Parameter",
			"Id": "Param",
			"Segments": [
				0,
				0,
				1,
				0.144,
				0,
				0.289,
				1,
				0.433,
				1,
				1,
				0.678,
				1,
				0.922,
				1,
				1.167,
				1,
				1,
				1.256,
				1,
				1.344,
				0,
				1.433,
				0,
				0,
				2.033,
				0
			]
		},
		{
			"Target": "Parameter",
			"Id": "ParamEyeROpen",
			"Segments": [
				0,
				1,
				1,
				0.289,
				1,
				0.578,
				1,
				0.867,
				1,
				1,
				0.922,
				1,
				0.978,
				1,
				1.033,
				1,
				1,
				1.078,
				1,
				1.122,
				0,
				1.167,
				0,
				1,
				1.256,
				0,
				1.344,
				1,
				1.433,
				1,
				0,
				2.033,
				1
			]
		},
		{
			"Target": "Parameter",
			"Id": "Param2",
			"Segments": [
				0,
				0,
				1,
				0.144,
				0,
				0.289,
				1,
				0.433,
				1,
				1,
				0.678,
				1,
				0.922,
				1,
				1.167,
				1,
				1,
				1.256,
				1,
				1.344,
				0,
				1.433,
				0,
				0,
				2.033,
				0
			]
		},
		{
			"Target": "Parameter",
			"Id": "ParamBrowLForm",
			"Segments": [
				0,
				0,
				1,
				0.144,
				0,
				0.289,
				1,
				0.433,
				1,
				1,
				0.767,
				1,
				1.1,
				1,
				1.433,
				1,
				1,
				1.622,
				1,
				1.811,
				0,
				2,
				0,
				0,
				2.033,
				0
			]
		},
		{
			"Target": "Parameter",
			"Id": "ParamBrowRForm",
			"Segments": [
				0,
				0,
				1,
				0.144,
				0,
				0.289,
				1,
				0.433,
				1,
				1,
				0.767,
				1,
				1.1,
				1,
				1.433,
				1,
				1,
				1.622,
				1,
				1.811,
				0,
				2,
				0,
				0,
				2.033,
				0
			]
		},
		{
			"Target": "Parameter",
			"Id": "ParamCheek",
			"Segments": [
				0,
				0,
				0,
				0.1,
				0,
				1,
				0.333,
				0,
				0.567,
				1,
				0.8,
				1,
				1,
				1.122,
				1,
				1.444,
				1,
				1.767,
				1,
				1,
				1.844,
				1,
				1.922,
				0,
				2,
				0,
				0,
				2.033,
				0
			]
		},
		{
			"Target": "Parameter",
			"Id": "ParamHair",
			"Segments": [
				0,
				0,
				0,
				0.933,
				0,
				1,
				0.978,
				0,
				1.022,
				0.5,
				1.067,
				0.5,
				1,
				1.122,
				0.5,
				1.178,
				0,
				1.233,
				0,
				1,
				1.278,
				0,
				1.322,
				0.1,
				1.367,
				0.1,
				1,
				1.389,
				0.1,
				1.411,
				0,
				1.433,
				0,
				0,
				2.033,
				0
			]
		},
		{
			"Target": "Parameter",
			"Id": "ParamHairFront",
			"Segments": [
				0,
				0,
				0,
				0.933,
				0,
				1,
				0.978,
				0,
				1.022,
				-0.8,
				1.067,
				-0.8,
				1,
				1.122,
				-0.8,
				1.178,
				0.8,
				1.233,
				0.8,
				1,
				1.278,
				0.8,
				1.322,
				0,
				1.367,
				0,
				0,
				2.033,
				0
			]
		},
		{
			"Target": "Parameter",
			"Id": "ParamHairSide",
			"Segments": [
				0,
				0,
				0,
				0.933,
				0,
				1,
				0.978,
				0,
				1.022,
				-0.8,
				1.067,
				-0.8,
				1,
				1.122,
				-0.8,
				1.178,
				0.8,
				1.233,
				0.8,
				1,
				1.278,
				0.8,
				1.322,
				0,
				1.367,
				0,
				0,
				2.033,
				0
			]
		}
	]
}